1.jpeg,159,170,806,448,0,"1.jpeg 159,170,806,448,0","Model\1.jpeg 159,170,806,448,0"
2.jpg,91,68,1131,646,0,"2.jpg 91,68,1131,646,0","Model\2.jpg 91,68,1131,646,0"
3.jpg,43,9,976,547,0,"3.jpg 43,9,976,547,0","Model\3.jpg 43,9,976,547,0"
4.jpeg,12,6,272,125,0,"4.jpeg 12,6,272,125,0","Model\4.jpeg 12,6,272,125,0"
4.jpeg,2,78,77,60,0,"4.jpeg 2,78,77,60,0","Model\4.jpeg 2,78,77,60,0"
5.jpeg,5,4,280,171,0,"5.jpeg 5,4,280,171,0","Model\5.jpeg 5,4,280,171,0"
6.jpeg,5,3,284,171,0,"6.jpeg 5,3,284,171,0","Model\6.jpeg 5,3,284,171,0"
7.jpeg,44,48,200,90,0,"7.jpeg 44,48,200,90,0","Model\7.jpeg 44,48,200,90,0"
8.jpeg,4,51,277,93,0,"8.jpeg 4,51,277,93,0","Model\8.jpeg 4,51,277,93,0"
9.png,11,7,442,97,0,"9.png 11,7,442,97,0","Model\9.png 11,7,442,97,0"
10.jpeg,11,10,197,200,0,"10.jpeg 11,10,197,200,0","Model\10.jpeg 11,10,197,200,0"
11.jpeg,9,13,276,147,0,"11.jpeg 9,13,276,147,0","Model\11.jpeg 9,13,276,147,0"
12.jpeg,5,8,378,123,0,"12.jpeg 5,8,378,123,0","Model\12.jpeg 5,8,378,123,0"
13.jpeg,25,23,234,139,0,"13.jpeg 25,23,234,139,0","Model\13.jpeg 25,23,234,139,0"
14.jpeg,15,33,223,136,0,"14.jpeg 15,33,223,136,0","Model\14.jpeg 15,33,223,136,0"
16.jpeg,26,70,89,137,0,"16.jpeg 26,70,89,137,0","Model\16.jpeg 26,70,89,137,0"
17.jpeg,155,45,75,70,0,"17.jpeg 155,45,75,70,0","Model\17.jpeg 155,45,75,70,0"
18.jpeg,195,46,53,48,0,"18.jpeg 195,46,53,48,0","Model\18.jpeg 195,46,53,48,0"
19.jpg,391,174,210,428,0,"19.jpg 391,174,210,428,0","Model\19.jpg 391,174,210,428,0"
20.jpeg,48,84,207,86,0,"20.jpeg 48,84,207,86,0","Model\20.jpeg 48,84,207,86,0"
21.jpg,98,147,357,262,0,"21.jpg 98,147,357,262,0","Model\21.jpg 98,147,357,262,0"
22.jpeg,28,70,160,113,0,"22.jpeg 28,70,160,113,0","Model\22.jpeg 28,70,160,113,0"
23.jpg,129,152,553,282,0,"23.jpg 129,152,553,282,0","Model\23.jpg 129,152,553,282,0"